{"cameraMode":{"drawMode":0,"name":"Shaded","section":"Shading Mode"},"sceneLighting":false,"audioPlay":false,"sceneViewState":{"m_AlwaysRefresh":false,"showFog":true,"showSkybox":true,"showFlares":true,"showImageEffects":true,"showParticleSystems":true,"showVisualEffectGraphs":true,"m_FxEnabled":true},"in2DMode":false,"pivot":{"x":299.5624084472656,"y":-36.84925079345703,"z":13.699999809265137},"rotation":{"x":0.04734623432159424,"y":0.019822504371404649,"z":-0.0009378125541843474,"w":0.9986871480941773},"size":38.890872955322269,"orthographic":false}